,label_type,t-statistic,p-value,cohen-d,n,exp_n,power,exp_power
0,da,-4.982168420276272,1.4036656036869818e-05,-1.5754999894636041,20,7.41932811121384,0.9980914573063653,0.8
1,ap,-10.823813350405398,3.61475836515065e-13,-3.422790315581925,20,2.7183100060232492,1.0,0.8
2,ap type,-7.888217909541594,1.5985215891509572e-09,-2.4944735273883496,20,3.7720517413857957,1.0,0.8
3,all,-11.538339616139583,4.4301926430661494e-21,-2.1066029613050494,60,4.721137755496252,1.0,0.8
