,Alpha,Alpha,Alpha,Alpha,Alpha,Beta,Beta,Beta,Beta,Beta
,label_type,t-statistic,p-value,eta_sq,omega_sq,label_type,t-statistic,p-value,eta_sq,omega_sq
0,da,3.4994953252454724,0.002559593929816724,,,da,3.3353718473533256,0.003682095155363276,,
1,ap,1.9261647700074112,0.07002616537688909,,,ap,2.0432087378383956,0.05595315591979879,,
2,ap type,3.21374073097363,0.004814788559406734,,,ap type,3.1504225044210004,0.0055332059641289965,,
3,all,4.320276709162679,6.181164055114485e-05,0.24345975040586892,0.22744915233565988,all,4.297046454067005,6.692293784229955e-05,0.24147914513932547,0.22545274064917767
