,t-statistic,p-value,eta_sq,omega_sq
0,-0.45184001793863127,0.6530694673150116,0.0035076428198434267,-0.01344230888894058
