,task-oriented,non-task-oriented
min,10.545166666666667,9.899684210526315
max,89.0638,95.7642
mean,29.094073611111114,31.12732311002528
std,15.309864483497043,19.31553196966502
