,t-statistic,p-value,cohen-d,n,exp_n,power,exp_power
0,-0.45184001793863127,0.6530694673150116,-0.11666459097509196,30,1154.30415777217,0.07291551052761,0.8
