,Group,DA JS,AP JS
0,set 1,0.2718568016823002,0.15006113137257815
1,set 2,0.30496151812785044,0.1771027956943252
2,set 3,0.18314198020855965,0.30718068234483065
3,set 4,0.23219691362066008,0.17025184424459106
4,set 5,0.2604640936307123,0.2958310585356321
mean,,0.2505242614540165,0.22008550243839142
std,,0.040972078187252785,0.06716737115981371
