,label_type,t-statistic,p-value,eta_sq,omega_sq
0,da,2.77706462151818,0.007375301825026698,,
1,ap,2.5989558871902996,0.011837683097176288,,
2,ap type,4.196353927112018,9.423140942473131e-05,,
3,all,5.4402498336684975,1.7396831696172504e-07,0.1425666818266936,0.1370892760345051
