,Alpha,Alpha,Alpha,Alpha,Alpha,Beta,Beta,Beta,Beta,Beta
,label_type,t-statistic,p-value,eta_sq,omega_sq,label_type,t-statistic,p-value,eta_sq,omega_sq
0,da,3.4994953252454724,0.002559593929816724,,,da,3.3353718473533256,0.003682095155363276,,
1,ap,3.4670291216493485,0.002750844562020063,,,ap,2.933636596719029,0.008875753965748873,,
2,ap type,4.188328111734013,0.0005523577123313344,,,ap type,3.795493099499478,0.0013246272384361316,,
3,all,5.602277776438529,6.10638024897713e-07,0.35112530070895454,0.3361768293581028,all,5.14401644442814,3.3274527004874283e-06,0.31329175461692216,0.29792459051021836
